Galaxy_ID,Distance
2MASXJ12194916+0511061,1.3636029566332624
2MASXJ12362919+1818022,2.1731643881590044
AGC213178,4518.471267049657
AGC215145,0.8562322727328052
AGC215716,1.53317425546786
AGC219539,0.6737367989335107
AGC219541,0.5354669934491464
AGC219628,1.1704305838346882
AGC220133,0.8604003795178022
AGC220354,35.31625509499349
AGC221089,0.8474942038079532
AGC224696,0.7765564558375844
AGC225847,2.0906580492516116
AGC225849,0.007638312990037759
AGC225874,1.8005163919642164
AGC225876,11552.851009180804
AGC225882,0.6317852833640992
AGC225998,0.06383096632280831
AGC226030,0.21722926145428822
AGC226054,255.22689444255116
AGC226055,0.1392542667931727
AGC226061,1.4061572285410728
AGC226080,1.874202256243196
AGC226122,0.5644560657233982
AGC226127,0.6658864519175147
AGC226131,0.8007618488367969
AGC226178,3.896798898346259
AGC227897,1.4973357129353906
AGC227927,0.9153969840921371
AGC227956,1.6865673265711667
AGC227970,473.78816382818866
AGC227972,1.5523977469321566
AGC227973,0.5218972149848295
AGC227974,0.48883415880870046
AGC227975,0.8510451357920238
AGC227980,1.7229698232323514
AGC227991,2.111278066508438
AGC228094,1.0247477997424939
AGC229001,1.6296372951307918
AGC229052,1.2527141934770865
AGC229053,0.611904219430142
AGC229124,1.257650766568675
AGC229174,1.502366944901865
AGC229177,0.5478890283646278
AGC229180,0.8496966287774861
AGC229200,449.86880254831476
AGC229201,0.517262152875163
AGC229321,0.013301631086517047
AGC229379,0.23799593005432182
AGC229381,0.12890755681086122
AGC229385 = ComaP,1.0674388648745983
AGC230084,2.664553552712852
AGC232135,3337.2680696535085
AGC232137,0.32107651018026556
AGC233574,0.8713116303196706
AGC724906,0.19518008741432982
AGC732194,1.8005098301373064
AGC732226,2.523122002356855
AGC732245,1.1286936882305245
AGC732250,1.2304339115774157
AGC732257,1.2627229061138174
AGC732281,1.4853789753942248
AGC742455,207.02268598574994
AGC742507,1.5164484603393593
AGC749235,1401.9341186011857
AGC749241,0.5533383408546154
AGC749454,2.1853997459322825
DDO097,2.2570535802583622
DDO121,1.0606830456354663
DDO128,0.19040530259612148
DDO137,0.8684382377558817
DDO139,2266.9733489704695
DDO154,0.7254869884105403
DDO156,2166.2666199859436
DDO157,0.5478831152799519
EVCC0116,1599.9889643252966
EVCC0248,0.6544955551606696
EVCC0259,1.1976887697082723
EVCC0352,1.5035209804865013
EVCC0504,0.8411760623579293
EVCC0580,0.9123788057130721
EVCC0629,3964.6360788375246
EVCC0658,0.41065004625997675
EVCC0819,0.9594410799574111
EVCC1002,1.0199620911834753
EVCC1111,0.7651598173599885
EVCC1141,48856.87673917481
EVCC1194,1.6197518504953423
EVCC1234,0.5022538942548086
EVCC2007,2888.8026866190266
GAMA220751,1.2192543412878871
GR10,0.5350726932113306
GR34,1.2226566942237056
GR8,7017.453866028679
IC0755,1.4739867973099874
IC0767,1.37170298453867
IC0769,2.072238918560308
IC0776,0.5742247408251155
IC0781,8787.604557055234
IC0782,1.1689690322144513
IC0783,0.2780052689958608
IC0783A,0.267544381050292
IC0794,1.3061145777706071
IC0796,0.5343235080039453
IC0797,1437.892746184612
IC0798,0.8452504313634375
IC0800,2.0191973230466167
IC0809,0.012312493768933843
IC0810,0.5175980926442216
IC3017,0.1383763200249162
IC3019,0.7014508722437265
IC3021,0.06784628496641194
IC3023,1.6081154766984034
IC3025,1.246895071368744
IC3032,0.19715488837037953
IC3033,1372.5891887409316
IC3036,3622.0872497555733
IC3044,0.020825811942116954
IC3049,0.1539346827918592
IC3059,1.7401573409501825
IC3061,40.82527105439226
IC3063,0.9386129317244609
IC3065,2.0203933771681304
IC3066,0.6156488805811089
IC3073,1.3016039607317411
IC3074,0.31501005330514986
IC3077,17040.338839197433
IC3081,2885.3521567549587
IC3094,0.678527090957996
IC3096,0.6572832483176048
IC3097,0.06412519411598798
IC3099,0.22982552705550738
IC3100,0.1784258582106685
IC3101,0.02230450779113106
IC3102,0.018860320478219512
IC3105,0.21712211597433329
IC3115,2.219525181294785
IC3118,1.080232512158915
IC3120,2.8209348843100663
IC3131,0.11079015628930193
IC3148,0.9221461545638862
IC3155,0.4638965765477893
IC3167,1.1276505051562618
IC3215,1.2395990103712335
IC3218,1.9160903429874192
IC3225,0.21795605557742062
IC3227,0.22963098093392556
IC3229,0.08067066123351503
IC3239,3.253470361933354
IC3258,1.6850231934031843
IC3259,0.6997967260623535
IC3267,9704.092164047675
IC3268,876.8613690118374
IC3292,2541.472505168752
IC3298,0.0004736927390060131
IC3303,5306.535854020848
IC3305,1.443030650839173
IC3308,0.9047677347210081
IC3311,0.8889283360052339
IC3313,0.6314237179406476
IC3322,0.177523677912479
IC3328,0.45746556147283834
IC3331,4.643629704839179
IC3344,2.5627982268792664
IC3349,2.247742710492927
IC3355,0.6343572525046621
IC3358,0.6684852179577261
IC3363,0.9716033898181334
IC3369,2.4684896089394757
IC3371,1.8105259294520146
IC3374,10.631948969802513
IC3383,1.5998391044515985
IC3384,5.299863428324127
IC3388,15957.639682353893
IC3391,2.450234001990058e-17
IC3392,0.6070114970216994
IC3393,7288.805804440661
IC3412,1.3324152464569292
IC3413,1.2703881536846973
IC3414,2264.746223026094
IC3430,0.7147095073289941
IC3435,1.2113479208811655
IC3436,1.6720884836850323
IC3437,2747.5670220914703
IC3442,844.7996088235651
IC3443,0.27394717949932074
IC3446,2.0891135857126972
IC3453,2.2657740714888166
IC3457,7451.2812278943675
IC3459,0.592999808395823
IC3461,866.828738800873
IC3465,1.4943467258793828
IC3466,1.2077707733287586
IC3468,1.2570524556224405
IC3470,0.010477980997090798
IC3471,1.098256757910841
IC3473,21.941507080890037
IC3474,0.7234338784373794
IC3475,0.7286838370566963
IC3476,0.030263388984117297
IC3478,0.6815211588872211
IC3483,0.004400267322617062
IC3486,1.067748403346041
IC3487,0.1385059840564904
IC3490,0.2968864104808908
IC3492,3.927772978514952
IC3499,0.7351151136322843
IC3501,1.5583139660624237
IC3509,0.0052626072223372995
IC3510,0.5286850798215624
IC3517,0.7038756758151097
IC3518,12163.977944684164
IC3520,1.1872261916500662
IC3521,0.4150051105094084
IC3522,3744.8931480078513
IC3530,2.681017546571704
IC3540,1.181810519481981
IC3562,3248.4739812579046
IC3571,112.31385748938163
IC3576,1.4884042790855438
IC3583,0.3669423404212036
IC3586,357.1400794236912
IC3591,328.4998738525463
IC3602,1.3421519606447265
IC3605,7131.461887875169
IC3612,45.180396053415514
IC3617,0.6449381465955571
IC3625B,6291.3378245531885
IC3633,0.6151702068096934
IC3635,2.385720585915557
IC3637,1.3423080412466992
IC3647,1.2401593158664062
IC3652,1.5243474446810317
IC3653,1775.425581628245
IC3658,0.08327989993157184
IC3665,1.000817930696477
IC3716,0.9278898843139218
IC3718,1.5521877252825604
IC3727,0.7226326417565774
IC3735,21.096654766686687
IC3740,2.2901032985238285
IC3742,0.7147528882155251
IC3773,1762.7183605209964
IC3779,1.7184658511535602
IC3806,0.6828069997653016
IC3840,0.7856047633902998
IC3881,0.4808225070500967
KDG104,0.15988728227221027
KDG118,1.0234504893860181
KDG130,2.016966375295391
KDG141,2.8608011689790938
KDG155,0.5308923590017888
KDG177,1.438370097388797
KDG215,1.0343601523478099
KIG0506,0.4885831972367145
KK111,1.499044711740606
KK128,10608.648792546655
KK140,8013.56416311879
KK164,0.3292959535444389
KK167,0.7060046915540823
KK169,2.3677629883322164
KK173,1.665396057470656
KK177,3.631167707285769
KK180,0.90105090208132
KK183,1.363471226682995
KKH80,2.632113150057577
LSBVCC378,0.6791540458828733
MRK1313,492.87397080017837
Mrk51,1.28429905012776
Mrk772,1.727580726110114
NGC 4269,1.368573496916409
NGC3976,0.0047487127541711695
NGC4037,1.7893553345060584
NGC4045,0.6222485263597844
NGC4049,1.5123749457508449
NGC4064,2.0158934137586697
NGC4067,0.1020508143514804
NGC4078,1584.6422580977903
NGC4116,0.615491256933723
NGC4119,1.4508364252797794
NGC4123,1.9665153436153648
NGC4152,0.3457633546927417
NGC4158,9710.514224767963
NGC4162,1.8849091811765435
NGC4165,0.6498934338153031
NGC4168,30059.1934462801
NGC4178,2.7505684402831703
NGC4179,363.02063978288106
NGC4180,0.22371705176421916
NGC4189,0.26927194640947516
NGC4191,2720.058884885432
NGC4192,3.9739597986996095e-05
NGC4193,0.09748592519283908
NGC4197,0.9067209653706992
NGC4200,1.605228700897893
NGC4204,0.9495890732135057
NGC4206,2.7550084043467287
NGC4207,0.0012045426319153697
NGC4212,5010.785691592136
NGC4215,0.4889793291026163
NGC4216,0.0765036095001717
NGC4222,3131.781166428047
NGC4224,0.41985699571250973
NGC4233,1.7030844964477825
NGC4234,2.411086824494838
NGC4235,1125.9546047045123
NGC4237,0.06968530793795615
NGC4239,98.62761786315195
NGC4249,0.32358772342155834
NGC4252,0.15205368992048005
NGC4254,0.192690406570621
NGC4255,0.1235412990954225
NGC4257,1.4845873754002925
NGC4259,0.9114845617163201
NGC4260,0.9383701061745114
NGC4261,1.880988007061894
NGC4262,3649.2952395796233
NGC4266,1.4561510707790124
NGC4267,0.44109373137869734
NGC4268,1.9914858410175698
NGC4270,0.03964766737052172
NGC4273,0.5638554954005525
NGC4277,0.4539613835525628
NGC4281,2.2317361647558913
NGC4282,11077.316710520912
NGC4287,0.9853959568799888
NGC4289,2.1282417067186747
NGC4292,0.026954851892667123
NGC4293,0.4985356659510865
NGC4294,1.4645278250573697
NGC4298,0.8552808210927257
NGC4300,1.6263220485243695
NGC4302,55.20283894712662
NGC4303,0.9359518139050887
NGC4303A,10010.359749075287
NGC4305,0.3606974557971676
NGC4306,0.037511472104475474
NGC4307,3.3273047861683462
NGC4309,0.7849370197281598
NGC4312,0.4964127080100863
NGC4313,0.46181920493934125
NGC4316,2.4203764288008007
NGC4318,0.8999945123563627
NGC4321,2.5048637599576757
NGC4323,0.9016197942240102
NGC4324,1.917814611365435
NGC4328,2.0367733561837404
NGC4330,1.3962325473609327
NGC4336,0.5279095865022334
NGC4339,0.27685198018330653
NGC4340,0.30751406864627123
NGC4342,1007.3177622292679
NGC4343,2013.4979025040225
NGC4344,1.5567251234558082
NGC4348,0.29488941002881824
NGC4350,0.9110465359122626
NGC4351,2.9039527763502235
NGC4352,53.83324408042645
NGC4353,2885.0067303550472
NGC4356,1.213365270697584
NGC4365,1.1827461386470985
NGC4366,4039.8206545897297
NGC4370,1.056352080591847
NGC4371,0.6250336414339513
NGC4374,16161.973461872989
NGC4376,0.7302981580816549
NGC4377,0.33395424673523294
NGC4378,340.1201071824816
NGC4379,336.5848949783955
NGC4380,2.098605142505919
NGC4382,0.9229990315913985
NGC4383,0.001711638599436832
NGC4385,0.40070567372676663
NGC4387,1.5411301980286065
NGC4388,0.5926041722070684
NGC4390,0.6554706683339013
NGC4393,1.7087194609459468
NGC4394,0.29060330144645363
NGC4396,1.0535221771917163
NGC4402,0.11634287239454144
NGC4405,0.48075244844635373
NGC4406,0.17641664803836632
NGC4409,2.67844298558735
NGC4411,11.981342333488618
NGC4411B,0.8196580265207417
NGC4412,1.584169180647735
NGC4413,5143.649016044666
NGC4415,0.8194981491914635
NGC4416,0.2616505681228974
NGC4417,1.9889740624186147
NGC4421,0.001117346216462667
NGC4423,82.31885062325556
NGC4424,1667.3911377740305
NGC4425,1.7390316137575053
NGC4429,1.055792667492358
NGC4430,1.0022595528221558
NGC4431,1.7766413251598547
NGC4434,0.01736345809700143
NGC4435,0.908299266213133
NGC4436,907.9287473459874
NGC4437 = N4517,2.0334090992198406
NGC4438,1.616166868060409
NGC4440,1.2669311328978201
NGC4442,2.11094799947705
NGC4445,0.21854040954766046
NGC4450,0.7802540345195754
NGC4451,0.47331857223324847
NGC4452,0.010837613844249451
NGC4454,0.864900494369699
NGC4455,1.3027221167167087
NGC4457,4803.153423407542
NGC4458,0.955730290243828
NGC4459,1.8189524642899053
NGC4461,1.406707582722608
NGC4464,66.89243478181018
NGC4466,0.1957361736054108
NGC4467,1.744203173223216
NGC4468,0.68899616272911
NGC4469,2.6243095728131234
NGC4470,1257.2645489962126
NGC4472,996.2996083877528
NGC4473,0.3325449242814277
NGC4474,2019.117644985507
NGC4476,1.488694862015794
NGC4477,1.2541338643457167
NGC4478,2.6873920978565353
NGC4479,0.02073153829826811
NGC4480,0.3893880696304203
NGC4482,1.927757051196257
NGC4483,0.7155486756649211
NGC4486,754.1166979702147
NGC4486A,1.2272189504780013
NGC4486B,1.4757082290578123
NGC4488,725.5489356866692
NGC4489,2753.4560171579024
NGC4491,767.6854784012885
NGC4492,0.7856239682361662
NGC4494,0.9099506332299984
NGC4496A,0.06995039001720697
NGC4497,2372.4665833325375
NGC4498,1.330616048834158
NGC4501,2.0072412863275026
NGC4502,1.4019070660587793
NGC4503,0.9545921912228004
NGC4506,5686.09153935528
NGC4515,0.9179716370493209
NGC4516,1.0748951946614074
NGC4517A,555.4450478814367
NGC4519,1.482119468270733
NGC4519A,0.267589737139677
NGC4522,3525.0931650159314
NGC4523,1.8385470007197817
NGC4526,296.3991096593906
NGC4527,0.08356354744416532
NGC4528,6252.325047330321
NGC4531,3599.7587068564994
NGC4532,363.30795798638627
NGC4533,1.1914827033904594
NGC4535,8968.35210229236
NGC4536,0.1763110692132337
NGC4539,0.9339504392989897
NGC4540,2.599588372527035
NGC4543,2.5121366162294514
NGC4544,1.0790030102103367
NGC4548,1.418957531305466
NGC4550,1.2984522178895832
NGC4551,2533.2618265340684
NGC4552,1.6739224384023401
NGC4559,0.8794206618857122
NGC4561,1.1249222229372822
NGC4562,1.5008124643067577
NGC4564,0.8752497550042471
NGC4565,1.0490437116581315
NGC4567,0.3875183799062178
NGC4569,3258.4557670510244
NGC4570,1.1570099139163998
NGC4571,195.99226512593327
NGC4578,1.7614641421795454
NGC4579,1.880177955258285
NGC4580,0.4433068973448397
NGC4581,1.6902677289094243
NGC4584,5304.1183754445865
NGC4586,4.228512244693355
NGC4587,0.3734947854972963
NGC4591,0.4992831480080152
NGC4592,0.6070385170296133
NGC4595,0.25196479114612597
NGC4596,2.3085406186343893
NGC4598,2.3421841176914477
NGC4599,0.3556179194880292
NGC4600,2.3291674520168093
NGC4606,0.0301971212065215
NGC4607,2.333494273376442
NGC4608,1157.2226823295398
NGC4620,1.5419998769701218
NGC4621,7127.255874925552
NGC4623,1.926258102564283
NGC4624,0.5541040392006717
NGC4629,1.4493722158621845
NGC4630,0.41420741258787536
NGC4632,1.1128215246918356
NGC4633,1245.4564660241329
NGC4634,2.9890645504014106
NGC4635,1.1509396090906054
NGC4636,1.7005715196374653
NGC4638,28.171150107634787
NGC4639,11.752205624682878
NGC4640,2195.6367426548454
NGC4641,0.977747737557832
NGC4642,1.0892340878682738
NGC4643,1.0478793025567854
NGC4647,0.4080137810062214
NGC4649,4555.9462572158145
NGC4651,0.7346460193738273
NGC4653,216.12304588420338
NGC4654,1.0676101627926573
NGC4659,0.8209528848402028
NGC4660,1.6505110330524186
NGC4666,341.174261151523
NGC4668,1.6482772250891073
NGC4670,2591.322642503305
NGC4688,0.019712552940208936
NGC4689,0.9047406223673183
NGC4694,2214.1144905922993
NGC4698,8.331437745745727e-06
NGC4701,1.1287614725020672
NGC4710,4084.0313915717634
NGC4713,1.8100634098603792
NGC4733,0.854103714174042
NGC4746,0.4597209593717769
NGC4747,0.7216708550531721
NGC4753,1.3085597019319242
NGC4754,0.20108795465522722
NGC4758,0.7891521681547231
NGC4762,0.5598468201616563
NGC4772,2.8520944481812616
NGC4791,848.8719660245711
NGC4793,0.7531823426522228
NGC4808,14278.680165049038
NGC4809,0.7569969278350591
NGC4810,0.6038663785236109
NGC4826,0.010456519529860231
NGC4845,0.005646809403733368
NGC4866,4.943745685430043
NGC4880,49.86533402921839
NGC4900,3902.6270540910677
NGC4904,0.3837163412819301
PGC036976,2.4087388375694115e-17
PGC037048,0.32526208491013964
PGC037490,0.029096289728122053
PGC037779,3932.848316533977
PGC037802,1.6978982567615173
PGC037931,1.2048935432092498
PGC037954,3.785597704662568
PGC038113,1.1209856781140703
PGC038539,1.5557615548319796
PGC038728,2.2655246150389146
PGC038747,2.414075999294414
PGC038754,916.650092041542
PGC038771,0.07960843824820814
PGC038779,8.951058473631022e-05
PGC038784,2.3205094670895963
PGC038837,1.8557329799815026
PGC038844,1.3020456428365885
PGC038859,0.7371754533053945
PGC038872,3.5634311037741044
PGC038878,1878.692921120152
PGC038883,1343.086796898417
PGC038893,1.3654437956475183
PGC038899,21.95321161906337
PGC038926,0.5804691888085086
PGC038947,0.8404271134765396
PGC038980,1.4453375314658201
PGC038993,1035.015557549582
PGC039008,1.7890181316840283
PGC039012,0.7806487788494195
PGC039018,0.8952943397902557
PGC039031,1.2737996541865746
PGC039041,5.802592456922447e-24
PGC039052,1.1606849088672493
PGC039080,1.5686142741109308
PGC039089,0.00015095536931968937
PGC039104,2.388679858885268
PGC039108,5340.058745027828
PGC039112,1.2432944461260307
PGC039144,0.10660403815986162
PGC039153,1.714542734287046
PGC039159,0.7804142794766177
PGC039164,0.5537382072749527
PGC039188,6591.023805339355
PGC039230,2.48187735843498
PGC039250,0.9350367747797804
PGC039255,0.5498528259901887
PGC039260,0.5801063449428648
PGC039264,0.03917719367475322
PGC039265,0.321544365943602
PGC039286,0.19826757379571056
PGC039288,0.14396162014353722
PGC039292,0.8325942173538211
PGC039296,3.6892665955173976
PGC039309,1.6894635290434643
PGC039331,0.5119652314699332
PGC039333,0.715252791904002
PGC039351,4.619632973086112e-06
PGC039370,1.1001349187449683
PGC039392,0.15482251354444
PGC039413,1.5096689222191988
PGC039415,1.0557362575475422
PGC039420,1.1048117612185215
PGC039421,0.35692586902523377
PGC039424,0.47577055796722506
PGC039460,0.7028052678986711
PGC039467,1.2510394700558054
PGC039468,16528.249966159303
PGC039488,0.556821402887606
PGC039501,1.1195942827883487
PGC039515,0.2826639141454052
PGC039532,282.8584541069567
PGC039533,0.6789422066953139
PGC039539,0.25072908192321947
PGC039542,1.4333071768984215e-06
PGC039561,1.0556625477713708
PGC039564,0.10811496985686649
PGC039565,4895.108875265821
PGC039566,1.1903542302368677
PGC039584,4232.925197086127
PGC039606,406.7189759694815
PGC039619,1.0381993111884067
PGC039620,2.275315777279262
PGC039621,0.058471300614153704
PGC039632,0.9241054349232039
PGC039638,1.0831650023772337
PGC039639,1.4467685529230423
PGC039641,0.0847227250420889
PGC039647,2.5606362568482215
PGC039652,0.9272217194458942
PGC039653,2.2273866163474376
PGC039655,3.0421628576562663
PGC039662,2.311385950786294
PGC039669,1.1269126896384487
PGC039670,1.4854360330382752
PGC039672,2.7240442262334934
PGC039692,0.9356772811475798
PGC039711,0.521805423598242
PGC039727,504.60783945303064
PGC039730,0.4525888091281648
PGC039734 = VCC0381,0.2877710889525454
PGC039757,2.289602495146317
PGC039760,100.25669435918063
PGC039766,1.3976538943773495
PGC039772,1.6386661275347478
PGC039788,1.034064857392145
PGC039792,1.3841315143692245
PGC039799,1.8991799968639713
PGC039803,0.4462141560270283
PGC039804,0.3641265693718274
PGC039806,0.5667921598905509
PGC039813,0.9690790498316455
PGC039833,2.013190237961627
PGC039838,0.4549155297631356
PGC039845,5175.97944143183
PGC039849,0.3063224826314496
PGC039861,1.3831831450737186
PGC039863,0.3967872926083722
PGC039866,1642.367306067132
PGC039878,0.8904426994333001
PGC039883,0.8399005987744808
PGC039889,0.08696321136628364
PGC039893,2.5015145149357885
PGC039894,1.134000481736428
PGC039904,0.002707886581252728
PGC039905,2.0656342821057723
PGC039910,7348.1968148508495
PGC039923,0.3788353842648876
PGC039928,2.9931542697876754
PGC039929,2.0397588703012963
PGC039947,1137.765291972732
PGC039967,1.127496214394604
PGC039971,3545.400769083359
PGC039985,0.3440993025020186
PGC039986,0.019540171261834684
PGC039994,3.818088706910913
PGC039996,1618.8192375743345
PGC040015,0.9374439906055807
PGC040037,1.266214923493076
PGC040046,10.190433042893266
PGC040050,4957.199277306666
PGC040058,1.1031913696143023
PGC040059,2565.3107392773063
PGC040074,475.2786222147702
PGC040083,0.8490902234834454
PGC040094,2197.551698529813
PGC040096,0.483464121338332
PGC040100,4.1958591949264195
PGC040107,3.4004682839110485
PGC040115,0.08917330994495964
PGC040141,0.719244623559774
PGC040156,1.642285833628053
PGC040157,0.4546074082362832
PGC040175,0.40578265201785174
PGC040177,3265.207346435868
PGC040186,2.1325716585462096
PGC040200,904.0143815440724
PGC040210,0.9918905841129068
PGC040214,0.36817669598607644
PGC040229,0.008097525276614297
PGC040235,2512.7968320610476
PGC040262,0.6798692071865557
PGC040274,0.9396280109983687
PGC040279,1.2101587270015355
PGC040285,5000.308222825993
PGC040286,1.6648410099393105
PGC040298,1.3029274163425304
PGC040300,1.289501548639426
PGC040310,0.541647023239119
PGC040312,0.8628930221464003
PGC040315,0.621874278458653
PGC040335,1.1123480466126405
PGC040338,0.20668174256791305
PGC040388,1665.5393623201494
PGC040408,4.616659662792394
PGC040411,0.9512721729845434
PGC040414,1.780834706533998
PGC040422,455.0676356491388
PGC040424,0.5788326573995122
PGC040428,0.7763903938851573
PGC040434,212.41160004918066
PGC040435,496.3752402779102
PGC040437,7145.101536585564
PGC040444,4.135288828727767
PGC040453,1.6437041565592942
PGC040457,0.9512446107738375
PGC040461,4.461373813447195
PGC040462,2.018595804307003
PGC040468,0.2750190148314631
PGC040469,1.1078127117102747
PGC040479,160.34365380660412
PGC040491,1.1565596019012492
PGC040493,0.00014945306164927856
PGC040505,6034.2181438841835
PGC040511,0.995517007631317
PGC040512,15397.161231211676
PGC040519,0.8564891570959476
PGC040521,2.475770914259958
PGC040531,1.82909686652536
PGC040534,0.0055263438114321675
PGC040540,3.077161633781197
PGC040547,0.5657539864797303
PGC040553,0.8851512587804528
PGC040554,1.9721894961643343
PGC040556,1.1282061377269004
PGC040560,1.8540415011241258
PGC040574,1657.8909753452197
PGC040588,1.350159623035727
PGC040598,3241.591822798507
PGC040604,5.712564728512304e-06
PGC040611,0.8657797773111607
PGC040615,0.9097143270008398
PGC040617,1.8253299089192099
PGC040630,0.7300456703307537
PGC040631,0.8844066117513197
PGC040636,1.1860870142831863
PGC040641,0.217403579393007
PGC040659,97.03664929928225
PGC040670,213.23521840764573
PGC040672,0.8596804624305334
PGC040674,0.6879437946529671
PGC040680,0.04589614539877754
PGC040683,3876.649851872547
PGC040687,0.8222665598514098
PGC040707,1.0304939706051133
PGC040712,0.05974031548678695
PGC040732,7.567042885143938
PGC040737,4061.891666526739
PGC040739,0.9453217883230812
PGC040759,906.354112167195
PGC040766,0.016978591375350016
PGC040767,416.7503715843336
PGC040769,0.35581730443495607
PGC040779,1.2727862617483168
PGC040787,1.4934555414281876
PGC040790,0.8856192794118439
PGC040803,2.9401063628065205
PGC040806,4.078744693042025
PGC040810,1.9614528285927357
PGC040814,0.04015492641218926
PGC040825,0.42915437934037887
PGC040831,0.31711963265006354
PGC040834,0.8247499287904392
PGC040835,1.1115499075165303
PGC040838,5186.971957943653
PGC040840,7209.078258964456
PGC040841,0.21276457020618614
PGC040844,9479.900334141517
PGC040848,0.9369057397724013
PGC040867,1.2346043300089031
PGC040869,0.07810463740961572
PGC040881,0.49414062249979657
PGC040889,0.5327291892030908
PGC040893,1.1848085630926695
PGC040899,2.2435104937435817
PGC040906,5.075143487210441
PGC040912,2.910375548766583
PGC040913,5.828506161389679e-14
PGC040917,0.6080301145391412
PGC040946,2.2537599772538868
PGC040948,0.39423723510887987
PGC040951,2.190695470325911
PGC040957,0.1936060392546328
PGC040958,108.10257050207464
PGC040969,0.6338909188739651
PGC040972,18.604760678478836
PGC040974,1.0405364245431783
PGC041006,0.11238030413089917
PGC041007,3470.8396492249963
PGC041016,0.4099026841286844
PGC041027,1.2982237212139698
PGC041059,0.747442902620516
PGC041068,1.716533098815431
PGC041084,2.2501821166017018
PGC041090,0.5603322877460165
PGC041091,0.8073192808069449
PGC041098,0.041660839771884346
PGC041102,0.5674501771463081
PGC041120,0.7655877336376622
PGC041124,2602.412663432185
PGC041130,9691.714122984138
PGC041136,0.8741491107338729
PGC041137,0.5855009439971438
PGC041140,4920.661663316576
PGC041144,0.7074645427000426
PGC041156,1.9189172647895563
PGC041167,1.724468546819097
PGC041180,2.224859336143534
PGC041182,0.7378013971185367
PGC041185,0.006613571049836874
PGC041191,0.45620917863443744
PGC041192,217.60767167299144
PGC041193,0.02793598855679268
PGC041195,1.2905112910236463
PGC041196,14735.159551886503
PGC041206,0.03647479132095904
PGC041209,0.02695341557546047
PGC041211,1.3999099263420502
PGC041214,1.0447025728043215
PGC041216,68.45679680677094
PGC041223,1.6576011174774608
PGC041243,1.353592492216473
PGC041259,0.07470350681781789
PGC041263,12047.189043634597
PGC041264,1.911073453949846
PGC041273,0.03828656918281109
PGC041284,1.7169257727993847
PGC041308,1.0068416838295413
PGC041325,2.669424948358589
PGC041336,1790.3013846042973
PGC041345,0.2936239078352911
PGC041356,0.6502718524559503
PGC041358,0.25077002149402255
PGC041360,12.596616314408877
PGC041370,0.2772179908143379
PGC041387,0.7723135287279824
PGC041391,0.14014436242290285
PGC041395,1.2021512395571383
PGC041411,1.339796968011402
PGC041432,0.9295153093160141
PGC041433,14106.328988687248
PGC041442,0.2405567653772765
PGC041454,1.936099627013711
PGC041458,605.1180323221774
PGC041463,0.7226885893150662
PGC041469,1051.8599404628021
PGC041488,0.4157144394936692
PGC041495,2.1175914066544608
PGC041502,1.0869244906892592
PGC041507,12797.843639237775
PGC041508,0.8405265877491463
PGC041515,0.02324327825427356
PGC041516,0.8317231736731332
PGC041541,0.4106145555748452
PGC041544,1.0233456238325898
PGC041570,0.44566152534846254
PGC041571,0.7554847792140397
PGC041574,8583.560707552859
PGC041595,1.5899744740912647
PGC041598,241.68374233682513
PGC041603,0.7636950261228673
PGC041607,0.8642797644162804
PGC041619,5330.517572998156
PGC041626,2953.0984332846065
PGC041631,0.9051127497436211
PGC041644,1.8901940964615604
PGC041647,0.8155360937719724
PGC041664,3929.2417000304754
PGC041695,1.6441717511015064
PGC041697,1.8789887037456983
PGC041699,1.4041187233345833
PGC041700,0.1311208986944862
PGC041712,0.961127420007839
PGC041716,18483.825731244062
PGC041720,0.6104781818200717
PGC041723,2813.7231787521305
PGC041726,1.4157688457139455
PGC041734,0.9256889471540941
PGC041744,174.12207835468087
PGC041761,1.1191245924854711
PGC041762,0.3541318068592536
PGC041770,1.1711372293704931
PGC041782,2977.428566715932
PGC041802,1752.4694260078954
PGC041805,0.36214909277212115
PGC041807,1.5795231526156277
PGC041826,0.849862908202088
PGC041831,0.6878601964745162
PGC041835,9202.871347366483
PGC041840,1.1996959792304998
PGC041845,0.4695578535333267
PGC041863,1.363285057701265
PGC041874,0.8159169332160605
PGC041890,2.1695979411688513
PGC041893,1.6050513710558239
PGC041906,0.6991448442691581
PGC041907,0.9534993491014621
PGC041917,0.5894046328794551
PGC041918,1.3385240003921268
PGC041937,0.5168807347727444
PGC041942,0.28787035391586585
PGC041945,4642.718741003823
PGC041959,1.2666387842956288
PGC041962,1208.5318209790723
PGC041979,1.8029985265105726
PGC041993,1.0907827984269787
PGC041994,0.4479751474661528
PGC042001,0.5711114611697776
PGC042008,202.91258292872223
PGC042046,0.5986489788225597
PGC042057,1.964427658545023
PGC042059,811.1573206522056
PGC042062,1450.3559463052813
PGC042072,0.8500664499260973
PGC042077,0.7443344162538339
PGC042084,1.2136369077106606
PGC042087,140.76579696024683
PGC042091,1.2546125469086895
PGC042110,1.0385473960378744
PGC042114,0.15572712663463562
PGC042132,1.7393655877044085
PGC042136,2.272916186099361
PGC042143,0.2665910362718062
PGC042144,1.0953794851615435
PGC042147,1.3741774133744429
PGC042155,1.3443972197382692
PGC042160,0.17462997905933705
PGC042171,0.14057226670541462
PGC042173,66.63078364313785
PGC042193,4126.480192045144
PGC042211,1.437861988010102
PGC042218,0.206726775960817
PGC042219,2.461040093737711
PGC042225,1.1157139143839598
PGC042242,1.2869929112651324
PGC042248,0.4479984737132749
PGC042257,1.0105292071239227
PGC042265,0.5647057349634759
PGC042318,1.0585432757455209
PGC042325,1.3230648343228617
PGC042332,0.7264879679315474
PGC042340,2795.8492898779014
PGC042357,2.239820384306666
PGC042378,4.162214779266883e-05
PGC042381,4.651915431021235
PGC042400,2343.9023523568594
PGC042417,3.2342466732670996
PGC042436,1.9154850923311715
PGC042442,0.7354925396108919
PGC042449,3698.6135934425497
PGC042454,1.0189536772586338
PGC042497,1.7896972770686648
PGC042513,80.29005285069567
PGC042537,10.478607594635466
PGC042547,2.7819766200381713
PGC042553,0.29600690711066213
PGC042566,7378.920736145021
PGC042571,0.3084414989583528
PGC042586,1.4210009879337033
PGC042596,0.2518172783649373
PGC042602,1.2275546477975048
PGC042609,0.3181219182400457
PGC042615,0.00951457591169784
PGC042626,1.5174587978159682
PGC042634,0.9975077606969863
PGC042666,0.9208464809071171
PGC042668,1.7840724947197795
PGC042669,16037.62919841562
PGC042673,1.1487040290330381
PGC042679,1.389020690989938
PGC042710,1.415832513649639
PGC042717,2.146981296800949
PGC042723,261.01483850735406
PGC042724,1.3160721881648896
PGC042737,302.84618786179936
PGC042748,1.7971407484234239
PGC042754,1533.7760867003892
PGC042757,663.9971218744865
PGC042758,48.44367269464322
PGC042768,0.37288981975868135
PGC042771,0.5858110655707802
PGC042779,0.33670003669612336
PGC042796,2.79411865181334
PGC042799,0.40657862761578345
PGC042801,2.315042597977274
PGC042811,0.6415489861288061
PGC042812,1.5806112327958886
PGC042842,0.21752336567812502
PGC042846,1.6024190673192276
PGC042853,20264.754409214598
PGC042870,0.1303677745343181
PGC042878,0.36691272741717756
PGC042884,5021.661094221673
PGC042902,0.5886767433221615
PGC042920,4744.589645322368
PGC042945,1.3901044013911228
PGC042978,4.5243949988745955
PGC042980,0.006024833058357853
PGC042982,0.08184072250083745
PGC043013,0.819059074576477
PGC043019,0.9550209854790054
PGC043051,0.6775749813834251
PGC043056,6791.748809795157
PGC043072,1.431654804044795
PGC043108,0.7004868259985847
PGC043119,937.2512532334547
PGC043180,1428.9745551089995
PGC043183,5807.784325506539
PGC043211,1.3395910327628358
PGC043215,0.1421546054472864
PGC043261,0.9388325976987367
PGC043285,2.2878915786422396
PGC043309,124.3580791227301
PGC043392,15442.219205158435
PGC043421,0.17090401923655807
PGC043436,126.51076298410777
PGC043580,1.8965987307775947
PGC043698,1.4423497065946487
PGC043739,1.8261491930041092
PGC043746,6584.922591169596
PGC043864,0.0754022008040231
PGC043888,1.4053556413634556
PGC043940,0.5194951802869824
PGC043987,0.8661288791263374
PGC044211,0.7050881789999488
PGC044215,0.6614702303583526
PGC044517,0.8551332441873585
PGC044685,2381.2838365211624
PGC045019,0.5463322359295266
PGC083543,0.06845191795873763
PGC083546,0.29463074141386314
PGC086434,0.46277013017018875
PGC086641,0.283789123118066
PGC089680,98.95488103600772
PGC089681,1.2021462149262558
PGC091181,0.15205014462233316
PGC091215,1.3662266715634244
PGC093119,90.35868997969797
PGC1097431,0.921734209336932
PGC1103489,0.9801166684085799
PGC1103962,1.7479754602059934
PGC1108616,0.42369681830918937
PGC1117977,0.7015302892716998
PGC1120391,1.8329670952600687
PGC1120414,475.89482295207983
PGC1122171,0.8407385497627125
PGC1124896,0.672204549664458
PGC1126897,1.5279589580201935
PGC1129667,0.26063077165063886
PGC1132599,0.2816639785886602
PGC1133831,2174.1921924083263
PGC1136400,724.0716986333991
PGC1137065,0.9887380672280282
PGC1139671,12171.812299510335
PGC1140236,47.89675689506214
PGC1142295,4249.717601387099
PGC1143004,0.8709129682965545
PGC1143249,1.2586109906287932
PGC1143451,2.4083693447184493
PGC1143998,3091.716962742945
PGC1145528,0.3715885545558796
PGC1150193,1.3683347380429336
PGC1155762,0.5488533464557143
PGC1159978,1.8833066115351496
PGC1161319,4506.138321504366
PGC1164663,18101.006069499796
PGC1165632,1775.123171186036
PGC1166209,8262.3083149435
PGC1166504,0.7642845046145925
PGC1170050,1.7221223238282901
PGC1172855,549.0774986137466
PGC1174996,1.424098275711644
PGC1177211,1.1687142291443593
PGC1180413,1396.734698491485
PGC1180748,0.29081930757378355
PGC1181814,2.8306825328328666
PGC1183373,1.603403406139517
PGC1184482,11.715415218361159
PGC1186061,1.0457574331824364
PGC1187621,0.6869274276948936
PGC1189866,1.4835667001724129
PGC1191416,1.0618189128285618
PGC1193160,2.359882301436772
PGC1198892,0.8264954200583844
PGC1204412,0.9965989654977899
PGC1205134,2522.2360041927122
PGC1206706,0.23698305230755812
PGC1207185,869.9287785317355
PGC1207559,0.9130279801769546
PGC1207749,0.9839222073737868
PGC1207820,0.7155205185308067
PGC1211453,2.7719162671763398
PGC1212399,0.9288360551446738
PGC1213772,0.006418991475921735
PGC1214263,0.903725643366943
PGC1215961,1.1634677327705136
PGC1227738,0.8525162092690787
PGC1229057,0.7527838346747725
PGC1229213,0.4114471865632358
PGC1233057,1.0529633460668348
PGC1233241,1.7548578858983925
PGC1234100,130.48658305041064
PGC1236745,2.4194954615010436
PGC1242969,4.102927341905786
PGC1249354,0.8453216589324034
PGC1255427,1.2503595224320248
PGC1260930,3.1877675905883818
PGC1263098,0.7591559319548457
PGC1264260,0.9626162552001799
PGC1267592,1.583883550748284
PGC1270208,0.30177898459918423
PGC1273077,15093.819769297066
PGC1275680,0.3959817819537008
PGC1278179,1.0269432374688559
PGC1279440,1.3993340306052107
PGC1282537,2.652892066149242
PGC1283313,1.0897631129216288
PGC1286175,46.49819146375682
PGC1286394,0.9203316660151589
PGC1289492,1.8383585518311758
PGC1289726,0.5182472321100018
PGC1290662,1.2987829842733944
PGC1291858,0.4653436097385239
PGC1292491,1.1842551087365185
PGC1292607,29.009099702556437
PGC1293380,1.1106225474914846
PGC1294753,0.9081789336139656
PGC1307035,0.8999343086052378
PGC1314461,2.1466891281986773
PGC1327818,2.6136740349108467
PGC1337184,2.8050138437460337
PGC1346685,3342.343880613029
PGC1351666,1.2934455409266405
PGC1355373,1.7229461161497772
PGC135791,1.2858901031769978
PGC135794,4.768847227170347
PGC135798,55.29935451303683
PGC135801,0.9531873740795543
PGC135803 = HIcl,2.0285979769635887
PGC135806,1.392371330206484
PGC135807,0.7567147429819813
PGC135809,0.40013069439365107
PGC135811,1.5261042150147797
PGC135814,2.1099783321599044
PGC1359187,1.2332812598611345
PGC1364593,0.1767699606688856
PGC1368352,0.7389802308019511
PGC1374571,1.2135720720543726
PGC1374673,6455.522387809614
PGC1376175,0.08840687704070174
PGC1380373,2.7952747363120984
PGC1382204,0.9231184326009764
PGC1383640,0.011955778954112864
PGC1397674,2.1031206228193198
PGC139866,6491.124351040857
PGC1402698,148.16654689509002
PGC1410554,1279.7559016006846
PGC1415716,0.7548957312554839
PGC1416088,1.0077616010909853
PGC1419134,0.10915883979686844
PGC1423207,8838.718585297242
PGC1427916,1.7508011127962755
PGC1433167,594.947481747823
PGC1441122,0.5371721762552994
PGC1466850,0.005648342112505352
PGC1475898,0.5587941135401073
PGC1488625,3103.8984505847934
PGC1519757,38.34549747854749
PGC1528400,12.171666432474975
PGC1537492,0.4832701152463154
PGC1538667,0.08901399151889995
PGC1560780,2.2341849322959924
PGC1565426,1.0110508735191683
PGC1580851,1.8808273105573148
PGC158230,2.084327944345137
PGC1589647,1.9178548170477987
PGC1597887,1.673437903982918
PGC1620526,0.6934206816774214
PGC166122,5689.727505025794
PGC1664006,0.024276574437056973
PGC1674681,2640.4312063957564
PGC169259,0.9633211084620714
PGC169266,6084.234075547171
PGC169451,75.41480864810642
PGC169515,2.4188837080442975
PGC1696046,8724.809850589701
PGC1724251,0.017624170635607776
PGC1728559,0.21967648889935526
PGC1760270,0.021708060336342278
PGC1811760,0.06452979249864121
PGC200170,1.0926592571977607
PGC214037,1.5872101541773145
PGC2806927,0.4311266968044399
PGC2806928,231.76561990303526
PGC2806992,1.2245151283777003
PGC2832063,0.49713129168881126
PGC2832117,0.3745873105308166
PGC3089432,1.0568145603735686
PGC3090638,351.0947228729669
PGC3091844,0.049686048167686916
PGC3111475,3.637561424704758e-05
PGC3120683,0.0180248107496905
PGC3122921,1.1942180987703759
PGC3291470,0.23433051139721628
PGC3292163,6829.7777551559675
PGC3293423,2805.093254029716
PGC3294218,0.002162771580643118
PGC3294233,0.06142569607600164
PGC3294258,137.26675784998943
PGC3294282,0.0036903940906801215
PGC3294304,0.8013351007253674
PGC3294335,5503.853102654876
PGC3294393,0.5511881057988137
PGC3294456,1.647945507493866
PGC3295235,1.268254024163353
PGC3295333,140.09721598282152
PGC3295391,1.3977370598988064
PGC3296254,886.4846923872237
PGC5065931,0.18335747914025122
RFGC2272,1.1808402744750532
RFGC2284,1.1470421225048106
RFGC2285,0.04195203548911708
SDSSJ114717.56+162004.5,3.9784563699429185
SDSSJ114843.14+171053.1,2.076841549328774
SDSSJ114931.03+151539.7,3.2263065298558766
SDSSJ114957.11+161743.6,1364.5207496397813
SDSSJ115220.20+152736.2,6191.592413499169
SDSSJ115300.30+160229.4,1.4727341813043402
SDSSJ120404.33+044847.2,3.6316314309826194
SDSSJ120459.57+142420.4,0.49905278070930614
SDSSJ120527.06+123243.2,0.5686119787728958
SDSSJ120920.02+242649.5,0.9034727090978851
SDSSJ120950.58+125411.4,1.8524462342397419
SDSSJ120958.86+250106.3,1.6380182693800829
SDSSJ121032.03+142923.1,1.5951018273532858
SDSSJ121044.99+075205.0,104.56673796865398
SDSSJ121058.17+241438.5,0.2033028421737985
SDSSJ121140.31+125824.5,3.018814414884882
SDSSJ121141.87+131146.7,348.4446071314431
SDSSJ121145.94+131707.9,1.0298929244861366
SDSSJ121159.46+055502.6,0.5875600710162735
SDSSJ121201.19+102354.4,0.9371190518009462
SDSSJ121210.92+025255.6,0.26553555915867627
SDSSJ121222.40+223529.1,987.657059521031
SDSSJ121240.72+065027.7,0.510188361658075
SDSSJ121309.41+133503.9,1.503354460793814
SDSSJ121341.42+090040.2,3992.733980371224
SDSSJ121413.79+085429.7,1.533032349040646
SDSSJ121419.86+132706.4,0.5169264566017914
SDSSJ121428.14+055431.1,562.6632801406621
SDSSJ121443.03+103159.1,0.46520463022059627
SDSSJ121444.59+124722.7,0.1289685691550389
SDSSJ121444.86+060916.2,137.9296888378056
SDSSJ121458.02+075304.2,257.14216552759314
SDSSJ121517.12+062335.3,1.1856576327614576
SDSSJ121518.94+025538.2,0.491230619553409
SDSSJ121612.76+072721.6,0.6931775518610162
SDSSJ121626.98+060307.6,3.1725575627490534
SDSSJ121643.25+244306.1,1.4393817317324675
SDSSJ121649.78+133014.8,2373.8461406519195
SDSSJ121707.14+074401.9,0.15277750519540886
SDSSJ121722.25+052545.2,1.0917520357959527
SDSSJ121727.85+071937.6,0.8132246163701342
SDSSJ121744.76+060457.6,12899.844738601583
SDSSJ121746.61+052236.2,4.318658870682498
SDSSJ121804.26+144510.4,1.0132228156856375
SDSSJ121804.89+074444.9,2.6002648804748456
SDSSJ121811.60+043840.2,2.905430729186419
SDSSJ121820.26+050700.4,0.6369050978613736
SDSSJ121820.56+045113.6,29417.51444109772
SDSSJ121828.33+060433.9,0.5659259348557593
SDSSJ121845.12+061547.3,0.890205331637543
SDSSJ121907.33+073805.5,0.6537586019592839
SDSSJ121917.10+053442.3,1.5739248896144125
SDSSJ121953.72+060156.4,0.8544323880602562
SDSSJ122013.89+050106.1,1.5554082002332057
SDSSJ122020.13+094750.0,1.0278208440491445
SDSSJ122030.92+063823.7,0.2992606905595802
SDSSJ122038.59+055432.3,1.3256210207222219
SDSSJ122054.58+032409.7,6192.018731741508
SDSSJ122056.32+051120.5,0.9965016326354014
SDSSJ122130.67+123915.1,0.4171528252460896
SDSSJ122138.38+084638.0,1.3349451192990156
SDSSJ122155.85+174052.5,4810.593151839087
SDSSJ122204.66+074422.0,0.7082091599536068
SDSSJ122243.57+052723.0,1.0065754033898113
SDSSJ122349.62+182720.7,1.1055011935736803
SDSSJ122358.19+072701.7,2.1219697034892158
SDSSJ122405.09+081737.7,100.38463536519053
SDSSJ122414.10+184120.7,0.10381597335197058
SDSSJ122431.27+062916.5,0.6834573530665502
SDSSJ122454.85+164839.1,1.710457232405682
SDSSJ122542.56+264834.5,909.4778504240224
SDSSJ122613.89+035013.6,3118.5701970821387
SDSSJ122624.54+041900.8,1.9383327522737492
SDSSJ122638.81+164303.8,1189.7925207817261
SDSSJ122825.86+111424.9,428.3496282519207
SDSSJ122927.63+055825.0,0.6250339083426709
SDSSJ122928.18+203348.8,0.5258603419065485
SDSSJ122933.64+131145.6,6.754859973902121
SDSSJ122934.46+075851.5,1796.4936871746231
SDSSJ123044.76+054919.5,3.2381665405648694
SDSSJ123102.35+180012.4,5014.167243495071
SDSSJ123109.18+181311.8,1.4252859851270354
SDSSJ123152.89+121559.0,0.2962389242982098
SDSSJ123340.31+124413.5,0.646671020922757
SDSSJ123453.22+241946.7,0.22105840941871163
SDSSJ123524.43+050253.8,1.8159707556302902
SDSSJ123549.46+201755.0,1.3748818895239836
SDSSJ123634.93+033831.3,1.023618614521834
SDSSJ123743.70+181556.0,2.2748764894198503
SDSSJ123745.89+181750.2,0.17610494202145022
SDSSJ123955.45+095520.7,1.0929842503956435
SDSSJ124042.09+054856.1,760.5648894776002
SDSSJ124101.06+094306.4,1.6466273229289066
SDSSJ124125.41+191317.5,1.5068552734182465
SDSSJ124142.58+243105.0,1.811057874047226
SDSSJ124155.33+114003.7,1.5964084219232288
SDSSJ124230.91+054354.1,3.838347753189029
SDSSJ124354.11+163250.5,40.99143538754284
SDSSJ124420.88+060522.5,1.3177003510365197
SDSSJ124451.77+162505.5,0.8937188733236365
SDSSJ124545.05+121408.5,0.7779960550191347
SDSSJ124637.60+221446.8,1.1728573400823539
SDSSJ124649.44+024248.3,2847.0051475073637
SDSSJ124823.09+050816.3,0.5384086067656131
SDSSJ124942.06+052922.2,1.55100846620805
SDSSJ125046.77+045323.7,0.8031695268335487
SDSSJ125106.78+120335.4,1.461483921670527
SDSSJ125133.00+194322.9,9162.624723439974
SDSSJ125208.90+030714.6,0.48015232183163875
SDSSJ125355.24+191533.5,1.1407473156934949
SDSSJ125504.03+074316.9,1.557470248371092
SDSSJ125651.47+163024.2,0.03483214796197863
SDSSJ125703.47+092258.9,2925.8386314857935
SDSSJ125736.51+091846.1,1489.7117335711027
SDSSJ125952.41+033758.5,1217.9283076404708
SDSSJ130320.36+175909.7,0.3645081537368855
SDSSJ130440.05+184438.7,0.5618582812774117
SDSSJ131347.30+100311.1,1.9173786610765937
UGC06670,1.0285354854372948
UGC06747,0.03773667546403973
UGC06881,0.8094472731838196
UGC07003,0.4065710256807648
UGC07035,0.6782218595555258
UGC07038,0.32209003599524477
UGC07039,1.5294706259794248
UGC07133,2.4173286380169667
UGC07138,0.07481688080176688
UGC07143,0.38291210380409113
UGC07170,2161.464886807174
UGC07178,882.3197309236738
UGC07184,1.9823523152826386
UGC07185,1.3205783117579393
UGC07186,3374.4453556915687
UGC07223,1.5292801814453423
UGC07236,0.9095429231887943
UGC07237,0.44336859259961586
UGC07239,0.2744237521635261
UGC07249,0.15639117081668738
UGC07269,2.666331032822337
UGC07307,1.3178772775797192
UGC07314,15193.762154098476
UGC07321,0.21308255034665669
UGC07332,1.4836323166063576
UGC07346,0.3881667510489536
UGC07354,0.8303820186859665
UGC07366,0.8796859717034052
UGC07370,0.9552588945501946
UGC07387,11112.647351423993
UGC07394,0.5834149961174149
UGC07396,0.23266149874860795
UGC07399A,0.45011256398254496
UGC07411,0.9577464325654185
UGC07421,1.5339570400719282
UGC07422,0.8488777801656967
UGC07423,1.789440032046351
UGC07424,1.3168990468017385
UGC07425,36.62578654732294
UGC07504,3.674770374562135e-05
UGC07512 = LV,1.3384689279107982
UGC07531,1.6941123381992456
UGC07557,2.587037998884074
UGC07567,7110.901413664134
UGC07580,0.7046068883589756
UGC07584,0.8179305397565225
UGC07596,1.8314844179888097
UGC07625,2.51866708691893
UGC07636,0.9603201828522236
UGC07642,0.046108984977701516
UGC07688,571.6160092213872
UGC07697,30.79469618829192
UGC07707,0.9242618821757443
UGC07710,3.032349132968171
UGC07715,0.7695014891054245
UGC07780,1.5552218751907367
UGC07798,0.00017396602782245236
UGC07802,0.6837079655451109
UGC07824,4760.239902841266
UGC07841,0.47060629309891283
UGC07854,1.9998665855412647
UGC07857,1.309262039315346
UGC07906,2.335155008829039
UGC07911,1.3978156929589496
UGC07929,1.1166710893634781
UGC07942,1.5376722709997364
UGC07943,0.677472658997406
UGC07945,5575.584597200471
UGC07953,0.7973232995398027
UGC07976,2.0349294037247083
UGC07979,0.40931999316004797
UGC07982,2704.37855338268
UGC07983,0.6122018852312505
UGC07990,6511.439528796453
UGC07991,1.788184639962019
UGC08001,1.4856762021341143
UGC08011,0.7806821528230367
UGC08030,0.784851701530723
UGC08032,0.8749124857580685
UGC08041,0.7325080605527925
UGC08042,1.1469266929595305
UGC08048,1090.478127370893
UGC08053,2.4813992868655275
UGC08055,0.9209177154006154
UGC08056,1.235837496733334
UGC08061,1.3009000152560124
UGC08114,0.7403119661902987
UGC08276,8.460172318066052e-05
UGC08285,4235.10777441332
UGC08298,3068.716971228099
UGC08382,0.15617736833390866
UGCA294,5009.855563405018
UGCA298,0.009699999962394595
UGCA379,1.7473695377768887
VCC114,6803.982346779516
VCC1287,1.0583575705133355
VCC565,0.7657434661148677
VCC615,2.674271237624292
VLSB-B,582.7676923504523
VLSB-D,1.4815561986896486
[SDV2005]230,605.982538269545
[TH2002]230,0.5096634407493492
